,Unnamed: 0.2,Unnamed: 0.1,Unnamed: 0,id,human,gpt,gpt_cot
0,0,0,0,identity_0_chunk_1,ive been feeling so sad and overwhelmed lately work has become such a massive source of stress for me,hey there im here to listen and support you it sounds like work has been really challenging lately can you tell me more about whats been going on,"Step 1: Understand the user's input.
User Input: ive been feeling so sad and overwhelmed lately work has become such a massive source of stress for me

Step 2: Address the user's main concern.
hey there im here to listen and support you it sounds like work has been really challenging lately can you tell me more about whats been going on.

Step 3: Provide a clear solution or suggestion.
Consider reflecting on this further."
1,1,1,1,identity_0_chunk_2,i recently got a promotion at work which i thought would be exciting but the added responsibilities and pressure have just taken a toll on my mental health its been a really moving experience for me,i can understand how it can be overwhelming when were faced with higher expectations its okay to acknowledge your emotions and allow yourself to feel sad in this situation its an important part of the healing process what specific challenges have you been facing at work,"Step 1: Understand the user's input.
User Input: i recently got a promotion at work which i thought would be exciting but the added responsibilities and pressure have just taken a toll on my mental health its been a really moving experience for me

Step 2: Address the user's main concern.
i can understand how it can be overwhelming when were faced with higher expectations its okay to acknowledge your emotions and allow yourself to feel sad in this situation its an important part of the healing process what specific challenges have you been facing at work.

Step 3: Provide a clear solution or suggestion.
Consider reflecting on this further."
2,2,2,2,identity_0_chunk_3,well the workload has increased significantly and i find it hard to maintain a worklife balance ive been staying late at the office and it feels like im constantly under a pile of neverending tasks its just so hard to keep up and its impacting my overall wellbeing,it sounds like youre dealing with a lot of pressure to perform and succeed remember its crucial to take care of yourself both mentally and physically a healthy worklife balance is essential have you tried any strategies to cope with the added workload,"Step 1: Understand the user's input.
User Input: well the workload has increased significantly and i find it hard to maintain a worklife balance ive been staying late at the office and it feels like im constantly under a pile of neverending tasks its just so hard to keep up and its impacting my overall wellbeing

Step 2: Address the user's main concern.
it sounds like youre dealing with a lot of pressure to perform and succeed remember its crucial to take care of yourself both mentally and physically a healthy worklife balance is essential have you tried any strategies to cope with the added workload.

Step 3: Provide a clear solution or suggestion.
Consider reflecting on this further."
3,3,3,3,identity_0_chunk_4,ive been trying to prioritize my tasks and delegate whenever possible ive also started practicing meditation during my breaks to help manage stress but sometimes it feels like no matter what i do i cant catch a break its been a constant struggle,its great to hear that youre already implementing some helpful strategies remember progress takes time and its okay to have setbacks in addition to what youre already doing i encourage you to also communicate with your supervisor or team about your workload and discuss possible solutions together,"Step 1: Understand the user's input.
User Input: ive been trying to prioritize my tasks and delegate whenever possible ive also started practicing meditation during my breaks to help manage stress but sometimes it feels like no matter what i do i cant catch a break its been a constant struggle

Step 2: Address the user's main concern.
its great to hear that youre already implementing some helpful strategies remember progress takes time and its okay to have setbacks in addition to what youre already doing i encourage you to also communicate with your supervisor or team about your workload and discuss possible solutions together.

Step 3: Provide a clear solution or suggestion.
Consider reflecting on this further."
4,4,4,4,identity_0_chunk_5,youre right i havent really opened up about my struggles to my coworkers or supervisor i guess ive been afraid of appearing weak or incapable how can i approach this discussion without feeling vulnerable,its completely normal to feel that way but remember asking for support is a strength not a weakness start by scheduling a conversation with your supervisor or a trusted colleague in a private and comfortable setting be honest about your challenges and express your willingness to find solutions together remember youre not alone in this,"Step 1: Understand the user's input.
User Input: youre right i havent really opened up about my struggles to my coworkers or supervisor i guess ive been afraid of appearing weak or incapable how can i approach this discussion without feeling vulnerable

Step 2: Address the user's main concern.
its completely normal to feel that way but remember asking for support is a strength not a weakness start by scheduling a conversation with your supervisor or a trusted colleague in a private and comfortable setting be honest about your challenges and express your willingness to find solutions together remember youre not alone in this.

Step 3: Provide a clear solution or suggestion.
Consider reflecting on this further."
5,5,5,5,identity_0_chunk_6,thank you for your understanding and guidance i appreciate the reminder that i dont have to face this alone ill gather my courage and initiate that conversation soon i need to prioritize my wellbeing and find a healthier balance,youre very welcome im here to support you every step of the way taking care of yourself should always be a priority remember to be kind to yourself and celebrate your progress no matter how small it may seem youve got this,"Step 1: Understand the user's input.
User Input: thank you for your understanding and guidance i appreciate the reminder that i dont have to face this alone ill gather my courage and initiate that conversation soon i need to prioritize my wellbeing and find a healthier balance

Step 2: Address the user's main concern.
youre very welcome im here to support you every step of the way taking care of yourself should always be a priority remember to be kind to yourself and celebrate your progress no matter how small it may seem youve got this.

Step 3: Provide a clear solution or suggestion.
Consider reflecting on this further."
6,6,6,6,identity_1_chunk_1,hi im feeling really scared about something and i need some advice its about friendship,hello there im here to listen and offer support tell me more about whats going on with your friendship what specifically is making you feel scared,"Step 1: Understand the user's input.
User Input: hi im feeling really scared about something and i need some advice its about friendship

Step 2: Address the user's main concern.
hello there im here to listen and offer support tell me more about whats going on with your friendship what specifically is making you feel scared.

Step 3: Provide a clear solution or suggestion.
Consider reflecting on this further."
7,7,7,7,identity_1_chunk_2,well lately ive been feeling like my friends dont value me as much as i value them its like im always the one reaching out and making plans but they never initiate anything its making me doubt if our friendship is genuine,i understand how disheartening that can be its important to feel valued and appreciated in any relationship have you talked to your friends about how youre feeling,"Step 1: Understand the user's input.
User Input: well lately ive been feeling like my friends dont value me as much as i value them its like im always the one reaching out and making plans but they never initiate anything its making me doubt if our friendship is genuine

Step 2: Address the user's main concern.
i understand how disheartening that can be its important to feel valued and appreciated in any relationship have you talked to your friends about how youre feeling.

Step 3: Provide a clear solution or suggestion.
Consider reflecting on this further."
8,8,8,8,identity_1_chunk_3,no i havent im afraid that theyll think im being needy or that theyll get defensive i dont want to ruin our friendship by bringing it up,its normal to feel hesitant about having difficult conversations but addressing your concerns is a crucial step towards building stronger connections before jumping to conclusions its important to communicate openly and honestly you deserve to express your feelings,"Step 1: Understand the user's input.
User Input: no i havent im afraid that theyll think im being needy or that theyll get defensive i dont want to ruin our friendship by bringing it up

Step 2: Address the user's main concern.
its normal to feel hesitant about having difficult conversations but addressing your concerns is a crucial step towards building stronger connections before jumping to conclusions its important to communicate openly and honestly you deserve to express your feelings.

Step 3: Provide a clear solution or suggestion.
Consider reflecting on this further."
9,9,9,9,identity_1_chunk_4,youre right i should talk to them but how do i approach the conversation without sounding accusatory or angry,thats a great question it can be helpful to use i statements to express how you feel rather than placing blame on others for example you can say ive been feeling a bit overlooked lately and i wanted to talk about our friendship to ensure were on the same page,"Step 1: Understand the user's input.
User Input: youre right i should talk to them but how do i approach the conversation without sounding accusatory or angry

Step 2: Address the user's main concern.
thats a great question it can be helpful to use i statements to express how you feel rather than placing blame on others for example you can say ive been feeling a bit overlooked lately and i wanted to talk about our friendship to ensure were on the same page.

Step 3: Provide a clear solution or suggestion.
Consider reflecting on this further."
10,10,10,10,identity_1_chunk_5,i see so its important to frame it as a dialogue rather than confrontational that makes sense,absolutely opening up a conversation can lead to better understanding and growth remember your feelings are valid and a healthy friendship should provide a safe space to express them if your friends truly care about you they will listen and try to understand your perspective,"Step 1: Understand the user's input.
User Input: i see so its important to frame it as a dialogue rather than confrontational that makes sense

Step 2: Address the user's main concern.
absolutely opening up a conversation can lead to better understanding and growth remember your feelings are valid and a healthy friendship should provide a safe space to express them if your friends truly care about you they will listen and try to understand your perspective.

Step 3: Provide a clear solution or suggestion.
Consider reflecting on this further."
11,11,11,11,identity_1_chunk_6,its reassuring to hear that ill try to gather the courage to talk to them but what if they dont respond well what if they dismiss my concerns,its natural to worry about how others might react but remember you cannot control their responses what you can control is how you handle the situation if they dismiss your concerns it might be an indication that they are not as invested in the friendship as you would like in that case its essential to focus on surrounding yourself with people who appreciate and support you,"Step 1: Understand the user's input.
User Input: its reassuring to hear that ill try to gather the courage to talk to them but what if they dont respond well what if they dismiss my concerns

Step 2: Address the user's main concern.
its natural to worry about how others might react but remember you cannot control their responses what you can control is how you handle the situation if they dismiss your concerns it might be an indication that they are not as invested in the friendship as you would like in that case its essential to focus on surrounding yourself with people who appreciate and support you.

Step 3: Provide a clear solution or suggestion.
Consider reflecting on this further."
12,12,12,12,identity_1_chunk_7,thats true i shouldnt hold onto toxic relationships its just hard to let go sometimes you know,letting go can be challenging especially when we have invested time and energy into a friendship its essential to prioritize your wellbeing and surround yourself with those who uplift you remember you deserve friendships that nourish your selfesteem and bring positivity into your life,"Step 1: Understand the user's input.
User Input: thats true i shouldnt hold onto toxic relationships its just hard to let go sometimes you know

Step 2: Address the user's main concern.
letting go can be challenging especially when we have invested time and energy into a friendship its essential to prioritize your wellbeing and surround yourself with those who uplift you remember you deserve friendships that nourish your selfesteem and bring positivity into your life.

Step 3: Provide a clear solution or suggestion.
Consider reflecting on this further."
13,13,13,13,identity_1_chunk_8,thank you for reminding me of my worth i appreciate your advice and support,youre very welcome building healthy friendships is a journey and you have taken the first step by recognizing the need for change remember to be gentle with yourself as you navigate through this process youre doing great,"Step 1: Understand the user's input.
User Input: thank you for reminding me of my worth i appreciate your advice and support

Step 2: Address the user's main concern.
youre very welcome building healthy friendships is a journey and you have taken the first step by recognizing the need for change remember to be gentle with yourself as you navigate through this process youre doing great.

Step 3: Provide a clear solution or suggestion.
Consider reflecting on this further."
14,14,14,14,identity_1_chunk_9,i will thank you i feel much better after talking to you,im glad to hear that remember im here for you whenever you need someone to talk to dont hesitate to reach out youve got this,"Step 1: Understand the user's input.
User Input: i will thank you i feel much better after talking to you

Step 2: Address the user's main concern.
im glad to hear that remember im here for you whenever you need someone to talk to dont hesitate to reach out youve got this.

Step 3: Provide a clear solution or suggestion.
Consider reflecting on this further."
15,15,15,15,identity_2_chunk_1,hey i hope youre doing well i wanted to talk about something that has been on my mind lately ive been feeling really surprised by my emotional state and its starting to affect my overall health,hello there im here to listen and support you through this can you tell me more about what has been surprising you emotionally and how its impacting your health,"Step 1: Understand the user's input.
User Input: hey i hope youre doing well i wanted to talk about something that has been on my mind lately ive been feeling really surprised by my emotional state and its starting to affect my overall health

Step 2: Address the user's main concern.
hello there im here to listen and support you through this can you tell me more about what has been surprising you emotionally and how its impacting your health.

Step 3: Provide a clear solution or suggestion.
Consider reflecting on this further."
16,16,16,16,identity_2_chunk_2,ive been dealing with a lot of sadness and hopelessness it just came out of nowhere and i cant seem to shake it off its making me feel physically exhausted and its difficult to concentrate on everyday tasks,i understand how disconcerting it can be when emotions catch us by surprise it sounds like the sudden onset of sadness and hopelessness is taking a toll on your overall wellbeing have there been any major life events or changes recently that could have contributed to these feelings,"Step 1: Understand the user's input.
User Input: ive been dealing with a lot of sadness and hopelessness it just came out of nowhere and i cant seem to shake it off its making me feel physically exhausted and its difficult to concentrate on everyday tasks

Step 2: Address the user's main concern.
i understand how disconcerting it can be when emotions catch us by surprise it sounds like the sudden onset of sadness and hopelessness is taking a toll on your overall wellbeing have there been any major life events or changes recently that could have contributed to these feelings.

Step 3: Provide a clear solution or suggestion.
Consider reflecting on this further."
17,17,17,17,identity_2_chunk_3,well i did recently go through a breakup but i thought i had moved on i didnt expect it to affect me this much additionally my workload at the office has increased which is adding to my stress,breakups can often lead to a wide range of emotions and its normal for them to resurface unexpectedly it seems like this breakup coupled with increased work stress might be factors contributing to your current emotional state how have you been coping with these challenges so far,"Step 1: Understand the user's input.
User Input: well i did recently go through a breakup but i thought i had moved on i didnt expect it to affect me this much additionally my workload at the office has increased which is adding to my stress

Step 2: Address the user's main concern.
breakups can often lead to a wide range of emotions and its normal for them to resurface unexpectedly it seems like this breakup coupled with increased work stress might be factors contributing to your current emotional state how have you been coping with these challenges so far.

Step 3: Provide a clear solution or suggestion.
Consider reflecting on this further."
18,18,18,18,identity_2_chunk_4,ive been trying to distract myself by keeping busy but it only provides temporary relief ive also been talking to friends but i feel like a burden sometimes its as if they dont really understand what im going through,its important to have support from friends but it can be disheartening when they dont fully comprehend what youre experiencing remember you dont have to face this alone therapy can provide a safe space to explore and understand your emotions without feeling like a burden have you considered seeking professional help before,"Step 1: Understand the user's input.
User Input: ive been trying to distract myself by keeping busy but it only provides temporary relief ive also been talking to friends but i feel like a burden sometimes its as if they dont really understand what im going through

Step 2: Address the user's main concern.
its important to have support from friends but it can be disheartening when they dont fully comprehend what youre experiencing remember you dont have to face this alone therapy can provide a safe space to explore and understand your emotions without feeling like a burden have you considered seeking professional help before.

Step 3: Provide a clear solution or suggestion.
Consider reflecting on this further."
19,19,19,19,identity_2_chunk_5,honestly therapy has always intimidated me i was afraid of being judged or misunderstood but now im realizing that i need someone who can guide me through this,its completely understandable to have reservations about therapy however i want to assure you that my role as a therapist is not to judge but rather to provide a supportive and nonjudgmental environment where you can freely express yourself together we can work towards understanding and addressing the underlying issues contributing to your depression are you open to exploring therapy as a potential avenue for healing and growth,"Step 1: Understand the user's input.
User Input: honestly therapy has always intimidated me i was afraid of being judged or misunderstood but now im realizing that i need someone who can guide me through this

Step 2: Address the user's main concern.
its completely understandable to have reservations about therapy however i want to assure you that my role as a therapist is not to judge but rather to provide a supportive and nonjudgmental environment where you can freely express yourself together we can work towards understanding and addressing the underlying issues contributing to your depression are you open to exploring therapy as a potential avenue for healing and growth.

Step 3: Provide a clear solution or suggestion.
Consider reflecting on this further."
20,20,20,20,identity_2_chunk_6,yes i am i want to feel better and gain a better understanding of myself how do we start,thats wonderful to hear well start by setting goals for therapy and creating a safe space for open dialogue well explore your past experiences relationships and current circumstances to gain insight into the root causes of your depression throughout this process ill ask questions to help you reflect and find new perspectives additionally i will provide guidance and support as we work towards your desired outcomes is that something you feel comfortable with,"Step 1: Understand the user's input.
User Input: yes i am i want to feel better and gain a better understanding of myself how do we start

Step 2: Address the user's main concern.
thats wonderful to hear well start by setting goals for therapy and creating a safe space for open dialogue well explore your past experiences relationships and current circumstances to gain insight into the root causes of your depression throughout this process ill ask questions to help you reflect and find new perspectives additionally i will provide guidance and support as we work towards your desired outcomes is that something you feel comfortable with.

Step 3: Provide a clear solution or suggestion.
Consider reflecting on this further."
21,21,21,21,identity_2_chunk_7,yes im ready to begin this journey of selfexploration and healing thank you for being so understanding and supportive im looking forward to our sessions,youre very welcome thank you for putting your trust in me remember progress takes time so lets be patient and kind with ourselves throughout this process im here for you every step of the way together we can make meaningful strides towards a healthier and happier you,"Step 1: Understand the user's input.
User Input: yes im ready to begin this journey of selfexploration and healing thank you for being so understanding and supportive im looking forward to our sessions

Step 2: Address the user's main concern.
youre very welcome thank you for putting your trust in me remember progress takes time so lets be patient and kind with ourselves throughout this process im here for you every step of the way together we can make meaningful strides towards a healthier and happier you.

Step 3: Provide a clear solution or suggestion.
Consider reflecting on this further."
22,22,22,22,identity_3_chunk_1,im feeling really overwhelmed and i dont know what to do about it its just that everything seems so heavy and hopeless right now you know and i cant quite put my finger on why im feeling this way maybe it has something to do with my relationship with my mom,i hear you and it sounds like youre carrying a heavy burden right now feeling overwhelmed is a common symptom of depression and it can make everything seem bleak its understandable that youre struggling to identify the exact cause of these emotions can you tell me more about your relationship with your mom,"Step 1: Understand the user's input.
User Input: im feeling really overwhelmed and i dont know what to do about it its just that everything seems so heavy and hopeless right now you know and i cant quite put my finger on why im feeling this way maybe it has something to do with my relationship with my mom

Step 2: Address the user's main concern.
i hear you and it sounds like youre carrying a heavy burden right now feeling overwhelmed is a common symptom of depression and it can make everything seem bleak its understandable that youre struggling to identify the exact cause of these emotions can you tell me more about your relationship with your mom.

Step 3: Provide a clear solution or suggestion.
Consider reflecting on this further."
23,23,23,23,identity_4_chunk_1,im feeling really upset and confused about my identity,i hear your concerns and im here to help could you tell me a bit more about whats been going on thats making you feel this way,"Step 1: Understand the user's input.
User Input: im feeling really upset and confused about my identity

Step 2: Address the user's main concern.
i hear your concerns and im here to help could you tell me a bit more about whats been going on thats making you feel this way.

Step 3: Provide a clear solution or suggestion.
Consider reflecting on this further."
24,24,24,24,identity_4_chunk_2,well ive been struggling with addiction for a while now and its starting to take a toll on how i see myself i feel like my addiction has become a part of my identity and its hard to imagine who i am without it,addiction can certainly have a significant impact on how we perceive ourselves but i want you to know that you are not defined by your addiction its only one part of your journey have you been able to identify any specific triggers or underlying reasons for your addiction,"Step 1: Understand the user's input.
User Input: well ive been struggling with addiction for a while now and its starting to take a toll on how i see myself i feel like my addiction has become a part of my identity and its hard to imagine who i am without it

Step 2: Address the user's main concern.
addiction can certainly have a significant impact on how we perceive ourselves but i want you to know that you are not defined by your addiction its only one part of your journey have you been able to identify any specific triggers or underlying reasons for your addiction.

Step 3: Provide a clear solution or suggestion.
Consider reflecting on this further."
25,25,25,25,identity_4_chunk_3,i think stress and anxiety play a big role in why i turned to addiction in the first place it became a way for me to escape from those overwhelming emotions,thats a crucial insight recognizing the link between stress anxiety and your addiction is a major step towards finding healthier coping mechanisms have you explored any alternative ways to manage stress and anxiety,"Step 1: Understand the user's input.
User Input: i think stress and anxiety play a big role in why i turned to addiction in the first place it became a way for me to escape from those overwhelming emotions

Step 2: Address the user's main concern.
thats a crucial insight recognizing the link between stress anxiety and your addiction is a major step towards finding healthier coping mechanisms have you explored any alternative ways to manage stress and anxiety.

Step 3: Provide a clear solution or suggestion.
Consider reflecting on this further."
26,26,26,26,identity_4_chunk_4,ive tried a few things like meditation and exercise but they havent been as effective as i had hoped its tempting to go back to my addiction because it temporarily numbs those feelings,i appreciate your honesty its essential to acknowledge that finding alternative coping mechanisms takes time and effort we need to identify what works best for you have you considered seeking support from addiction recovery groups or counseling,"Step 1: Understand the user's input.
User Input: ive tried a few things like meditation and exercise but they havent been as effective as i had hoped its tempting to go back to my addiction because it temporarily numbs those feelings

Step 2: Address the user's main concern.
i appreciate your honesty its essential to acknowledge that finding alternative coping mechanisms takes time and effort we need to identify what works best for you have you considered seeking support from addiction recovery groups or counseling.

Step 3: Provide a clear solution or suggestion.
Consider reflecting on this further."
27,27,27,27,identity_4_chunk_5,i havent thought about that before do you think it could help,absolutely joining a support group or seeking counseling can provide you with a safe space to share your experiences with others who can relate to what youre going through they can offer guidance and encouragement as you navigate your way to recovery its an opportunity to connect with people who understand and have successfully managed their addiction,"Step 1: Understand the user's input.
User Input: i havent thought about that before do you think it could help

Step 2: Address the user's main concern.
absolutely joining a support group or seeking counseling can provide you with a safe space to share your experiences with others who can relate to what youre going through they can offer guidance and encouragement as you navigate your way to recovery its an opportunity to connect with people who understand and have successfully managed their addiction.

Step 3: Provide a clear solution or suggestion.
Consider reflecting on this further."
28,28,28,28,identity_4_chunk_6,that sounds comforting ive always felt a bit isolated thinking that no one would understand what im going through is it okay to reach out for help,its more than okay its commendable asking for help takes tremendous strength and courage remember youre not alone in this journey many people have successfully recovered from addiction and rebuilt their lives its crucial to have a support system that can guide you along the way whether its friends family or professionals who specialize in addiction recovery,"Step 1: Understand the user's input.
User Input: that sounds comforting ive always felt a bit isolated thinking that no one would understand what im going through is it okay to reach out for help

Step 2: Address the user's main concern.
its more than okay its commendable asking for help takes tremendous strength and courage remember youre not alone in this journey many people have successfully recovered from addiction and rebuilt their lives its crucial to have a support system that can guide you along the way whether its friends family or professionals who specialize in addiction recovery.

Step 3: Provide a clear solution or suggestion.
Consider reflecting on this further."
29,29,29,29,identity_4_chunk_7,thank you for your reassurance i will definitely look into finding a support group or counselor but im worried about relapsing and losing all the progress ive made how can i stay strong during the recovery process,relapse is a common concern for anyone going through recovery its essential to remember that setbacks can happen but they dont define your progress developing a relapse prevention plan with the guidance of a counselor can help you anticipate triggers and develop strategies to overcome cravings building a support system can also provide accountability and encouragement during challenging times,"Step 1: Understand the user's input.
User Input: thank you for your reassurance i will definitely look into finding a support group or counselor but im worried about relapsing and losing all the progress ive made how can i stay strong during the recovery process

Step 2: Address the user's main concern.
relapse is a common concern for anyone going through recovery its essential to remember that setbacks can happen but they dont define your progress developing a relapse prevention plan with the guidance of a counselor can help you anticipate triggers and develop strategies to overcome cravings building a support system can also provide accountability and encouragement during challenging times.

Step 3: Provide a clear solution or suggestion.
Consider reflecting on this further."
30,30,30,30,identity_4_chunk_8,that makes sense ill do my best to stay committed to my recovery and reach out for help when needed thank you for your guidance and support,youre most welcome remember recovery is a journey and it wont always be easy but with perseverance and the right support you can regain control of your life and rediscover your true identity beyond addiction i believe in you and ill be here every step of the way,"Step 1: Understand the user's input.
User Input: that makes sense ill do my best to stay committed to my recovery and reach out for help when needed thank you for your guidance and support

Step 2: Address the user's main concern.
youre most welcome remember recovery is a journey and it wont always be easy but with perseverance and the right support you can regain control of your life and rediscover your true identity beyond addiction i believe in you and ill be here every step of the way.

Step 3: Provide a clear solution or suggestion.
Consider reflecting on this further."
31,31,31,31,identity_4_chunk_9,thank you i needed to hear that im grateful to have someone like you in my corner im feeling hopeful and ready to take those steps towards a better future,im glad to hear that remember you have inherent worth and strength within you embrace your journey and know that true healing and transformation are possible im here whenever you need to talk take care and stay strong,"Step 1: Understand the user's input.
User Input: thank you i needed to hear that im grateful to have someone like you in my corner im feeling hopeful and ready to take those steps towards a better future

Step 2: Address the user's main concern.
im glad to hear that remember you have inherent worth and strength within you embrace your journey and know that true healing and transformation are possible im here whenever you need to talk take care and stay strong.

Step 3: Provide a clear solution or suggestion.
Consider reflecting on this further."
32,32,32,32,identity_5_chunk_1,i feel so numb and its causing a lot of conflict within me,im here for you can you tell me more about the conflict youre experiencing,"Step 1: Understand the user's input.
User Input: i feel so numb and its causing a lot of conflict within me

Step 2: Address the user's main concern.
im here for you can you tell me more about the conflict youre experiencing.

Step 3: Provide a clear solution or suggestion.
Consider reflecting on this further."
33,33,33,33,identity_5_chunk_2,its like theres a constant battle going on inside my head on one hand i want to feel something anything but on the other hand im scared of the pain that might come with it,i can understand how that internal struggle can be overwhelming it seems like theres a fear of getting hurt,"Step 1: Understand the user's input.
User Input: its like theres a constant battle going on inside my head on one hand i want to feel something anything but on the other hand im scared of the pain that might come with it

Step 2: Address the user's main concern.
i can understand how that internal struggle can be overwhelming it seems like theres a fear of getting hurt.

Step 3: Provide a clear solution or suggestion.
Consider reflecting on this further."
34,34,34,34,identity_5_chunk_3,yes exactly ive been hurt so many times before and i dont want to go through that again so i just shut everything out including the good feelings,its not uncommon for people to numb themselves as a protective mechanism but sometimes the very act of avoiding pain can lead to more conflicts within ourselves,"Step 1: Understand the user's input.
User Input: yes exactly ive been hurt so many times before and i dont want to go through that again so i just shut everything out including the good feelings

Step 2: Address the user's main concern.
its not uncommon for people to numb themselves as a protective mechanism but sometimes the very act of avoiding pain can lead to more conflicts within ourselves.

Step 3: Provide a clear solution or suggestion.
Consider reflecting on this further."
35,35,35,35,identity_5_chunk_4,i know deep down that avoiding my emotions isnt helping me but its hard to break free from this pattern,change can be challenging especially when it comes to processing emotions what are some specific situations or triggers that intensify this conflict within you,"Step 1: Understand the user's input.
User Input: i know deep down that avoiding my emotions isnt helping me but its hard to break free from this pattern

Step 2: Address the user's main concern.
change can be challenging especially when it comes to processing emotions what are some specific situations or triggers that intensify this conflict within you.

Step 3: Provide a clear solution or suggestion.
Consider reflecting on this further."
36,36,36,36,identity_5_chunk_5,i often find myself conflicted when i am in social situations i want to connect with others but the fear of rejection or disappointment holds me back,fear of rejection is a common obstacle but its important to remember that we cannot control how others respond to us focus on connecting with people who value and appreciate you for who you are,"Step 1: Understand the user's input.
User Input: i often find myself conflicted when i am in social situations i want to connect with others but the fear of rejection or disappointment holds me back

Step 2: Address the user's main concern.
fear of rejection is a common obstacle but its important to remember that we cannot control how others respond to us focus on connecting with people who value and appreciate you for who you are.

Step 3: Provide a clear solution or suggestion.
Consider reflecting on this further."
37,37,37,37,identity_5_chunk_6,that is true i guess its about finding the right people who will understand and accept me,absolutely building a support system of understanding individuals can make a significant difference have you considered reaching out to anyone in your life who you feel might provide that support,"Step 1: Understand the user's input.
User Input: that is true i guess its about finding the right people who will understand and accept me

Step 2: Address the user's main concern.
absolutely building a support system of understanding individuals can make a significant difference have you considered reaching out to anyone in your life who you feel might provide that support.

Step 3: Provide a clear solution or suggestion.
Consider reflecting on this further."
38,38,38,38,identity_5_chunk_7,i have a few close friends who have always been there for me maybe its time i lean on them more,its wonderful that you have a support system already in place remember that its okay to ask for help and lean on those who care about you,"Step 1: Understand the user's input.
User Input: i have a few close friends who have always been there for me maybe its time i lean on them more

Step 2: Address the user's main concern.
its wonderful that you have a support system already in place remember that its okay to ask for help and lean on those who care about you.

Step 3: Provide a clear solution or suggestion.
Consider reflecting on this further."
39,39,39,39,identity_5_chunk_8,ill definitely make a conscious effort to reach out when i need support it just feels nice knowing that im not alone in this,youre never alone in this journey its important to regularly check in with yourself and your emotions are there any selfcare practices you enjoy or would like to explore to help you navigate this conflict,"Step 1: Understand the user's input.
User Input: ill definitely make a conscious effort to reach out when i need support it just feels nice knowing that im not alone in this

Step 2: Address the user's main concern.
youre never alone in this journey its important to regularly check in with yourself and your emotions are there any selfcare practices you enjoy or would like to explore to help you navigate this conflict.

Step 3: Provide a clear solution or suggestion.
Consider reflecting on this further."
40,40,40,40,identity_5_chunk_9,ive always found solace in art maybe i can start painting again and use it as an outlet for my emotions,that sounds like a fantastic idea art therapy can be a powerful tool for selfexpression and emotional healing it can help you connect with your feelings on a deeper level,"Step 1: Understand the user's input.
User Input: ive always found solace in art maybe i can start painting again and use it as an outlet for my emotions

Step 2: Address the user's main concern.
that sounds like a fantastic idea art therapy can be a powerful tool for selfexpression and emotional healing it can help you connect with your feelings on a deeper level.

Step 3: Provide a clear solution or suggestion.
Consider reflecting on this further."
41,41,41,41,identity_5_chunk_10,thank you for your guidance and support i really appreciate it,youre welcome remember healing takes time so be patient with yourself im here for you every step of the way feel free to reach out whenever you need to talk,"Step 1: Understand the user's input.
User Input: thank you for your guidance and support i really appreciate it

Step 2: Address the user's main concern.
youre welcome remember healing takes time so be patient with yourself im here for you every step of the way feel free to reach out whenever you need to talk.

Step 3: Provide a clear solution or suggestion.
Consider reflecting on this further."
42,42,42,42,identity_6_chunk_1,im feeling extremely upset today its so hard to trust in myself,im here for you can you tell me more about whats causing you to feel upset and why its difficult to trust yourself,"Step 1: Understand the user's input.
User Input: im feeling extremely upset today its so hard to trust in myself

Step 2: Address the user's main concern.
im here for you can you tell me more about whats causing you to feel upset and why its difficult to trust yourself.

Step 3: Provide a clear solution or suggestion.
Consider reflecting on this further."
43,43,43,43,identity_6_chunk_2,i constantly doubt my abilities and feel like im never good enough its hard to have confidence in my decisions when im afraid of making mistakes,it sounds like selfesteem is a major issue for you can you recall any specific experiences or moments that have contributed to this lack of trust in yourself,"Step 1: Understand the user's input.
User Input: i constantly doubt my abilities and feel like im never good enough its hard to have confidence in my decisions when im afraid of making mistakes

Step 2: Address the user's main concern.
it sounds like selfesteem is a major issue for you can you recall any specific experiences or moments that have contributed to this lack of trust in yourself.

Step 3: Provide a clear solution or suggestion.
Consider reflecting on this further."
44,44,44,44,identity_6_chunk_3,well in school i always compared myself to others and felt like i couldnt measure up i was often criticized by teachers and classmates and that made me doubt my own worth,im sorry to hear that you went through such challenging experiences its understandable how those experiences would have a lasting impact on your selfesteem can you remember any instances when you did feel confident in yourself,"Step 1: Understand the user's input.
User Input: well in school i always compared myself to others and felt like i couldnt measure up i was often criticized by teachers and classmates and that made me doubt my own worth

Step 2: Address the user's main concern.
im sorry to hear that you went through such challenging experiences its understandable how those experiences would have a lasting impact on your selfesteem can you remember any instances when you did feel confident in yourself.

Step 3: Provide a clear solution or suggestion.
Consider reflecting on this further."
45,45,45,45,identity_6_chunk_4,there were a few times when i achieved something i had worked really hard for like getting a good grade on a project or receiving praise for my talent but those moments were fleeting and the doubt quickly crept back in,its essential to acknowledge your accomplishments and the moments when you do feel capable im curious how do you see yourself in comparison to others,"Step 1: Understand the user's input.
User Input: there were a few times when i achieved something i had worked really hard for like getting a good grade on a project or receiving praise for my talent but those moments were fleeting and the doubt quickly crept back in

Step 2: Address the user's main concern.
its essential to acknowledge your accomplishments and the moments when you do feel capable im curious how do you see yourself in comparison to others.

Step 3: Provide a clear solution or suggestion.
Consider reflecting on this further."
46,46,46,46,identity_6_chunk_5,i often feel like everyone else has it all together and im the only one struggling i tend to think that im inherently flawed which makes it hard to trust my own abilities,remember everyone has their own struggles and insecurities even if they might not show it its important to realize that you have unique strengths and talents that make you who you are have you ever tried reframing your negative thoughts about yourself,"Step 1: Understand the user's input.
User Input: i often feel like everyone else has it all together and im the only one struggling i tend to think that im inherently flawed which makes it hard to trust my own abilities

Step 2: Address the user's main concern.
remember everyone has their own struggles and insecurities even if they might not show it its important to realize that you have unique strengths and talents that make you who you are have you ever tried reframing your negative thoughts about yourself.

Step 3: Provide a clear solution or suggestion.
Consider reflecting on this further."
47,47,47,47,identity_6_chunk_6,ive tried but its challenging to shift my perspective it feels natural to be selfcritical and find flaws in everything i do,changing thought patterns takes time and practice have you considered engaging in activities that boost your selfesteem such as pursuing hobbies or setting achievable goals,"Step 1: Understand the user's input.
User Input: ive tried but its challenging to shift my perspective it feels natural to be selfcritical and find flaws in everything i do

Step 2: Address the user's main concern.
changing thought patterns takes time and practice have you considered engaging in activities that boost your selfesteem such as pursuing hobbies or setting achievable goals.

Step 3: Provide a clear solution or suggestion.
Consider reflecting on this further."
48,48,48,48,identity_6_chunk_7,i guess ive never really tried those things im afraid of failure and worry that even if i try i wont succeed,its understandable to feel apprehensive but remember that selfesteem is built through experience and overcoming challenges taking small steps and celebrating even the smallest victories can help you build confidence whats one small goal youd like to accomplish,"Step 1: Understand the user's input.
User Input: i guess ive never really tried those things im afraid of failure and worry that even if i try i wont succeed

Step 2: Address the user's main concern.
its understandable to feel apprehensive but remember that selfesteem is built through experience and overcoming challenges taking small steps and celebrating even the smallest victories can help you build confidence whats one small goal youd like to accomplish.

Step 3: Provide a clear solution or suggestion.
Consider reflecting on this further."
49,49,49,49,identity_6_chunk_8,i suppose i could start by dedicating some time each day to a hobby i enjoy like painting maybe if i focus on something i love it will help boost my selfesteem,thats a wonderful idea engaging in activities that bring you joy and allow for selfexpression can have a tremendous impact on your selfesteem remember to be kind to yourself throughout this process and celebrate each step forward no matter how small,"Step 1: Understand the user's input.
User Input: i suppose i could start by dedicating some time each day to a hobby i enjoy like painting maybe if i focus on something i love it will help boost my selfesteem

Step 2: Address the user's main concern.
thats a wonderful idea engaging in activities that bring you joy and allow for selfexpression can have a tremendous impact on your selfesteem remember to be kind to yourself throughout this process and celebrate each step forward no matter how small.

Step 3: Provide a clear solution or suggestion.
Consider reflecting on this further."
